wave, supergroup,trend,label, mortRate, logmortRate, smokeRate,logSmokeRate, wealth, logwealth, count, logcount,ageAve,logageAve
2,0,1,agecat1;3.0,0.014285714285714285,-4.248495242049359,0.3047619047619048,-1.1882244473577968,74319.97374441964,11.216135020210205,210,5.3471075307174685,57.47846889952153,4.051410423756564,
2,1,1,agecat1;3.0,0.021739130434782608,-3.828641396489095,0.13636363636363635,-1.9924301646902063,105906.94871794872,11.570316145281526,46,3.828641396489095,72.37777777777778,4.281899315505914,
2,2,1,agecat1;3.0,0.0026041666666666665,-5.950642552587727,0.3924731182795699,-0.9352872325648102,82397.49949475145,11.319310369499634,384,5.950642552587727,54.532637075718014,3.998799367858848,
2,3,1,agecat1;3.0,0.011363636363636364,-4.477336814478207,0.125,-2.0794415416798357,87386.4619954427,11.37809565256852,352,5.863631175598097,68.4985754985755,4.226812949410713,
2,4,1,agecat1;3.0,0.00392156862745098,-5.541263545158426,0.2097902097902098,-1.561647248597752,23946.539393939394,10.083579099452788,255,5.541263545158426,72.48818897637796,4.283423637918595,
2,5,1,agecat1;3.0,0.021739130434782608,-3.828641396489095,0.23076923076923078,-1.466337068793427,31524.21052631579,10.358511117738127,322,5.7745515455444085,77.2367601246106,4.346875511116237,
2,6,1,agecat1;3.0,0.05392156862745098,-2.920224721045846,0.13157894736842105,-2.0281482472922856,13841.568965517241,9.535431587306878,204,5.318119993844216,83.82758620689656,4.428762144329649,
2,7,1,agecat1;3.0,0.003236245954692557,-5.733341276897745,0.46405228758169936,-0.76775804435112,30928.456521739132,10.339431962130014,309,5.733341276897746,54.574675324675326,3.9995699532598197,
2,8,1,agecat1;3.0,0.031914893617021274,-3.4446824936018943,0.2777777777777778,-1.2809338454620642,28358.831932773108,10.25269379266009,188,5.236441962829949,72.475935828877,4.283254587161429,
2,9,1,agecat1;3.0,0.02631578947368421,-3.6375861597263857,0.13636363636363635,-1.9924301646902063,87474.13793103448,11.379098462154856,38,3.6375861597263857,83.75675675675676,4.427916845143524,
2,10,1,agecat1;3.0,0.02040816326530612,-3.891820298110627,0.18238993710691823,-1.7016083722337576,68282.3097717762,11.131406004276709,294,5.683579767338681,72.46757679180887,4.283139245164726,
2,11,1,agecat1;3.0,0.0031446540880503146,-5.762051382780177,0.20454545454545456,-1.5869650565820417,51730.53923983111,10.853803587065231,318,5.762051382780177,68.52681388012618,4.22722511217965,
2,12,1,agecat1;3.0,0.0036363636363636364,-5.616771097666572,0.2546816479400749,-1.3677409532241427,104392.23015467965,11.555910527855335,550,6.309918278226516,54.510018214936245,3.998384505233834,
2,13,1,agecat1;3.0,0.03461538461538462,-3.3634570536793085,0.08527131782945736,-2.4619171315633017,63638.893258426964,11.060980091640966,260,5.560681631015528,83.89189189189189,4.429528968658885,
2,14,1,agecat1;3.0,0.003215434083601286,-5.739792912179234,0.22929936305732485,-1.472726866892198,139766.3304111463,11.84772723865298,311,5.739792912179234,57.52258064516129,4.052177577586513,
2,15,1,agecat1;3.0,0.016666666666666666,-4.0943445622221,0.35964912280701755,-1.0226263816901877,41477.83552631579,10.632914479842052,240,5.480638923341991,64.3723849372385,4.164684735824632,
2,16,1,agecat1;3.0,0.004149377593360996,-5.484796933490655,0.3543307086614173,-1.0375245966882716,31545.47404938811,10.359185404410749,241,5.484796933490655,60.375,4.100575111972737,
2,17,1,agecat1;3.0,0.046296296296296294,-3.0726933146901194,0.39215686274509803,-0.9360933591703348,30480.574074074073,10.324844844074466,108,4.68213122712422,68.4392523364486,4.225946524599164,
2,18,1,agecat1;3.0,0.005128205128205128,-5.272999558563747,0.3416666666666667,-1.073919676077738,56673.308926841084,10.945058636851009,195,5.272999558563747,57.44845360824742,4.0508880867566415,
2,19,1,agecat1;3.0,0.008547008547008548,-4.762173934797756,0.2966101694915254,-1.2153365629762511,29381.012040150315,10.288103895702003,234,5.455321115357702,68.53218884120172,4.227303544985545,
2,20,1,agecat1;3.0,0.025,-3.6888794541139363,0.10869565217391304,-2.2192034840549946,107940.96428571429,11.589339729667234,80,4.382026634673881,77.25316455696202,4.347087880077473,
2,21,1,agecat1;3.0,0.006024096385542169,-5.111987788356543,0.24725274725274726,-1.3973441973064755,104185.52664032567,11.553928498848997,332,5.805134968916488,64.58006042296073,4.1679057009593095,
2,22,1,agecat1;3.0,0.020134228187919462,-3.9053340172773496,0.24848484848484848,-1.3923734071962728,40332.71428571428,10.604918187504907,298,5.697093486505405,68.47474747474747,4.226465027296376,
2,23,1,agecat1;3.0,0.07659574468085106,-2.5692137562479944,0.22549019607843138,-1.4894785973551214,16998.13076923077,9.740858662241756,235,5.459585514144159,77.18376068376068,4.346189081065962,
2,24,1,agecat1;3.0,0.009259259259259259,-4.68213122712422,0.45161290322580644,-0.7949298748698876,24392.770833333332,10.102042090060092,108,4.68213122712422,54.4392523364486,3.997085443971995,
2,25,1,agecat1;3.0,0.028328611898016998,-3.563882963939251,0.17751479289940827,-1.7287013332609182,44820.28624535316,10.710416133888588,353,5.8664680569332965,77.24431818181819,4.346973362028419,
2,26,1,agecat1;3.0,0.022792022792022793,-3.7813446817860297,0.105,-2.2537949288246137,73540.42222222222,11.205590496234242,351,5.860786223465865,77.38571428571429,4.34880219360854,
2,27,1,agecat1;3.0,0.016339869281045753,-4.11414718951828,0.2206896551724138,-1.5109978396208479,60223.616089876035,11.00581984822156,306,5.723585101952381,64.54754098360655,4.167402021812675,
2,28,1,agecat1;3.0,0.012195121951219513,-4.406719247264253,0.3333333333333333,-1.0986122886681098,41533.5816993464,10.634257576569558,246,5.5053315359323625,64.36326530612244,4.16454305586086,
2,29,1,agecat1;3.0,0.009836065573770493,-4.621699487939302,0.29936305732484075,-1.2060982036382495,42766.1172896984,10.663501415938029,305,5.720311776607412,60.348684210526315,4.1001391446633795,
2,30,1,agecat1;3.0,0.007194244604316547,-4.9344739331306915,0.16666666666666666,-1.791759469228055,55648.94088541667,10.92681832481399,278,5.627621113690637,72.46931407942239,4.283163218186407,
2,31,1,agecat1;3.0,0.03,-3.506557897319982,0.34,-1.0788096613719298,31512.56140350877,10.358141520038783,100,4.605170185988092,60.313131313131315,4.099549846412403,
2,32,1,agecat1;3.0,0.00646551724137931,-5.041272263558145,0.1875,-1.6739764335716716,122422.20101631636,11.715231013465102,464,6.139884552226255,60.505399568034555,4.102732610112758,
2,33,1,agecat1;3.0,0.008771929824561403,-4.736198448394496,0.2087912087912088,-1.5664205273504095,76311.56287955465,11.242579750739065,342,5.834810737062605,60.354838709677416,4.100241121788943,
2,34,1,agecat1;3.0,0.03823529411764706,-3.2639962601486703,0.07746478873239436,-2.55793178480289,34568.42608695652,10.450696003587543,340,5.8289456176102075,83.8023598820059,4.428461167974652,
2,35,1,agecat1;3.0,0.056818181818181816,-2.867898902044106,0.14285714285714285,-1.9459101490553135,11884.57142857143,9.382996319284755,88,4.477336814478207,84.1264367816092,4.432320866946643,
2,36,1,agecat1;3.0,0.03636363636363636,-3.3141860046725258,0.40350877192982454,-0.9075570519054005,15938.016129032258,9.676462485943143,110,4.700480365792417,72.43119266055047,4.282637044460599,
2,37,1,agecat1;3.0,0.007575757575757576,-4.882801922586371,0.3898305084745763,-0.9420432279765697,39513.35,10.58439386847218,132,4.882801922586371,57.541984732824424,4.052514850625929,
2,38,1,agecat1;3.0,0.019230769230769232,-3.951243718581427,0.08,-2.5257286443082556,184552.5909722222,12.125689747764753,52,3.9512437185814275,68.11764705882354,4.221236314076725,
2,39,1,agecat1;3.0,0.0125,-4.382026634673881,0.3111111111111111,-1.1676051601550612,114241.12445175438,11.646066620414977,80,4.382026634673881,54.74683544303797,4.002719566898958,
2,40,1,agecat1;3.0,0.01818181818181818,-4.007333185232471,0.2413793103448276,-1.4213856809311607,142967.54921875,11.870372954949657,55,4.007333185232471,57.425925925925924,4.050495872536175,
2,41,1,agecat1;3.0,0.028985507246376812,-3.5409593240373143,0.09574468085106383,-2.3460702049337847,17213.291666666668,9.753437135685356,207,5.332718793265369,83.55825242718447,4.425544022481925,
2,42,1,agecat1;3.0,0.01818181818181818,-4.007333185232471,0.44,-0.8209805520698302,29372.40740740741,10.287810989080215,55,4.007333185232471,57.44444444444444,4.05081829717221,
2,43,1,agecat1;3.0,0.030927835051546393,-3.4760986898352733,0.24,-1.4271163556401458,15473.921875,9.646911426305133,97,4.574710978503383,77.13541666666667,4.3455625352340626,
2,44,1,agecat1;3.0,0.007722007722007722,-4.863680881139593,0.43795620437956206,-0.8256363636060242,31464.299693080357,10.356608839017985,259,5.556828061699537,54.68604651162791,4.001608585691541,
2,45,1,agecat1;3.0,0.013157894736842105,-4.330733340286331,0.18604651162790697,-1.6817585740137264,128851.70770263672,11.76641746940857,76,4.330733340286331,60.733333333333334,4.106492696157749,
2,46,1,agecat1;3.0,0.01,-4.605170185988091,0.3269230769230769,-1.1180303745252114,35954.346153846156,10.490005250246675,100,4.605170185988092,64.65656565656566,4.169089657007413,
2,47,1,agecat1;3.0,0.015151515151515152,-4.189654742026425,0.21052631578947367,-1.55814461804655,176813.8076923077,12.082852523943375,66,4.189654742026425,64.4,4.165113633110308,
3,0,2,agecat5;2.0,0.004761904761904762,-5.3471075307174685,0.23469387755102042,-1.4494732627414222,75023.27816772461,11.225553719931575,210,5.3471075307174685,59.47846889952153,4.085614379826905,
3,1,2,agecat5;2.0,0.021739130434782608,-3.828641396489095,0.05,-2.995732273553991,124145.55555555556,11.729209991306835,46,3.828641396489095,74.37777777777778,4.309157211441007,
3,2,2,agecat5;2.0,0.0078125,-4.852030263919617,0.36416184971098264,-1.0101568681062463,73728.22928702731,11.208141034515014,384,5.950642552587727,56.532637075718014,4.034818118736222,
3,3,2,agecat5;2.0,0.014204545454545454,-4.254193263163997,0.14,-1.9661128563728327,83948.309375,11.337956523827621,352,5.863631175598097,70.4985754985755,4.255592503920121,
3,4,2,agecat5;2.0,0.06666666666666667,-2.70805020110221,0.16379310344827586,-1.8091512119399242,33118.53125,10.407848261199444,255,5.541263545158426,74.48818897637796,4.310640575587333,
3,5,2,agecat5;2.0,0.062111801242236024,-2.7788192719904172,0.21052631578947367,-1.55814461804655,25295.57738095238,10.138384852358092,322,5.7745515455444085,79.2367601246106,4.37244033412685,
3,6,2,agecat5;2.0,0.07352941176470588,-2.6100697927420065,0.14285714285714285,-1.9459101490553135,17444.206298828125,9.766762855241506,204,5.318119993844216,85.82758620689656,4.452340472381118,
3,7,2,agecat5;2.0,0.009708737864077669,-4.634728988229636,0.4153846153846154,-0.878550403891308,36242.319169056565,10.497982752840482,309,5.733341276897746,56.574675324675326,4.03556145265515,
3,8,2,agecat5;2.0,0.031914893617021274,-3.4446824936018943,0.24615384615384617,-1.4017985476558559,35746.70972222222,10.484213508144569,188,5.236441962829949,74.475935828877,4.310476064198506,
3,9,2,agecat5;2.0,0.13157894736842105,-2.0281482472922856,0.15789473684210525,-1.845826690498331,161593.84799592392,11.992841355012322,38,3.6375861597263857,85.75675675675676,4.451514878938971,
3,10,2,agecat5;2.0,0.03741496598639456,-3.285684494540311,0.12121212121212122,-2.1102132003465894,77171.28141447369,11.253782664399619,294,5.683579767338681,74.46757679180887,4.310363819805583,
3,11,2,agecat5;2.0,0.0220125786163522,-3.8161412337248635,0.21428571428571427,-1.540445040947149,61200.20476190476,11.021905814277577,318,5.762051382780177,70.52681388012618,4.255992976232979,
3,12,2,agecat5;2.0,0.00909090909090909,-4.700480365792417,0.20647773279352227,-1.5775627039036515,104528.6497413429,11.557216473016199,550,6.309918278226516,56.510018214936245,4.034417935972902,
3,13,2,agecat5;2.0,0.07307692307692308,-2.6162426518490873,0.06363636363636363,-2.754570216737103,87453.44370860927,11.378861858843614,260,5.560681631015528,85.89189189189189,4.453089434452437,
3,14,2,agecat5;2.0,0.01607717041800643,-4.130354999745133,0.19863013698630136,-1.6163107917218624,125535.9656401699,11.740347575304249,311,5.739792912179234,59.52258064516129,4.086355747198519,
3,15,2,agecat5;2.0,0.016666666666666666,-4.0943445622221,0.29473684210526313,-1.221672381425337,42093.55505371094,10.64764992134133,240,5.480638923341991,66.3723849372385,4.195281080476945,
3,16,2,agecat5;2.0,0.024896265560165973,-3.6930374642626003,0.3130434782608696,-1.16141318990714,45441.40157480315,10.724178897435266,241,5.484796933490655,62.375,4.133164554071683,
3,17,2,agecat5;2.0,0.05555555555555555,-2.890371757896165,0.3409090909090909,-1.0761394328160512,22758.33962264151,10.032686934025637,108,4.68213122712422,70.4392523364486,4.254750669381564,
3,18,2,agecat5;2.0,0.015384615384615385,-4.174387269895637,0.34579439252336447,-1.0619109218176819,48447.187148085584,10.788229558834493,195,5.272999558563747,59.44845360824742,4.08510961116261,
3,19,2,agecat5;2.0,0.02564102564102564,-3.6635616461296463,0.3238095238095238,-1.127599825541362,39828.968412769784,10.592349776085573,234,5.455321115357702,70.53218884120172,4.256069184925432,
3,20,2,agecat5;2.0,0.075,-2.5902671654458267,0.08333333333333333,-2.4849066497880004,124585.37525972407,11.732746504929215,80,4.382026634673881,79.25316455696202,4.372647343278289,
3,21,2,agecat5;2.0,0.02108433734939759,-3.859224819861175,0.2236842105263158,-1.497519996230115,130258.74489868722,11.777278096699199,332,5.805134968916488,66.58006042296073,4.198405139670659,
3,22,2,agecat5;2.0,0.030201342281879196,-3.499868909169185,0.19310344827586207,-1.6445292322453704,49837.91715976331,10.816531362053642,298,5.697093486505405,70.47474747474747,4.255254453804647,
3,23,2,agecat5;2.0,0.05106382978723404,-2.9746788643561586,0.1839080459770115,-1.6933193964148026,19079.71336659664,9.856380922174374,235,5.459585514144159,79.18376068376068,4.371771235924713,
3,24,2,agecat5;2.0,0.009259259259259259,-4.68213122712422,0.48,-0.7339691750802004,62089.48648648649,11.036331953854235,108,4.68213122712422,56.4392523364486,4.033164879845995,
3,25,2,agecat5;2.0,0.053824362606232294,-2.9220290777668563,0.14388489208633093,-1.9387416595767009,43037.28902953587,10.669822205619914,353,5.8664680569332965,79.24431818181819,4.372535715320542,
3,26,2,agecat5;2.0,0.05413105413105413,-2.916347244299425,0.11695906432748537,-2.145931282948669,87759.45200407608,11.38235485067342,351,5.860786223465865,79.38571428571429,4.374318431230562,
3,27,2,agecat5;2.0,0.013071895424836602,-4.33729074083249,0.15447154471544716,-1.867745376205977,74623.86473429951,11.220215637638475,306,5.723585101952381,66.54754098360655,4.197916594250215,
3,28,2,agecat5;2.0,0.02032520325203252,-3.8958936234982624,0.288,-1.2447947988461912,45158.06428571429,10.717924153875366,246,5.5053315359323625,66.36326530612244,4.195143670050828,
3,29,2,agecat5;2.0,0.036065573770491806,-3.322416503809041,0.3082706766917293,-1.176777061517446,49800.98044253356,10.815789950420022,305,5.720311776607412,62.348684210526315,4.132742568623918,
3,30,2,agecat5;2.0,0.03237410071942446,-3.4303965363544178,0.1565217391304348,-1.8545603704670852,60238.97710586939,11.006074882015355,278,5.627621113690637,74.46931407942239,4.310387148983511,
3,31,2,agecat5;2.0,0.02,-3.912023005428146,0.32558139534883723,-1.1221427860783038,30425.065217391304,10.32302206139957,100,4.605170185988092,62.313131313131315,4.132172179075049,
3,32,2,agecat5;2.0,0.004310344827586207,-5.44673737166631,0.15207373271889402,-1.8833897920739793,124755.40641070016,11.734110350636227,464,6.139884552226255,62.505399568034555,4.135252946099241,
3,33,2,agecat5;2.0,0.014619883040935672,-4.225372824628505,0.21428571428571427,-1.540445040947149,85378.49200496495,11.354849497998151,342,5.834810737062605,62.354838709677416,4.132841274723185,
3,34,2,agecat5;2.0,0.08235294117647059,-2.496741107435003,0.07339449541284404,-2.6119063405493077,34190.10179640719,10.439691460002626,340,5.8289456176102075,85.8023598820059,4.45204651056796,
3,35,2,agecat5;2.0,0.10227272727272728,-2.280112237141987,0.12121212121212122,-2.1102132003465894,13344.957254464285,9.49889385872104,88,4.477336814478207,86.1264367816092,4.455816411709727,
3,36,2,agecat5;2.0,0.045454545454545456,-3.0910424533583156,0.4090909090909091,-0.8938178760220964,24868.365384615383,10.12135180824475,110,4.700480365792417,74.43119266055047,4.309875110165922,
3,37,2,agecat5;2.0,0.007575757575757576,-4.882801922586371,0.3958333333333333,-0.9267620317414506,48549.653846153844,10.790342343851702,132,4.882801922586371,59.541984732824424,4.086681689476531,
3,38,2,agecat5;2.0,0.019230769230769232,-3.951243718581427,0.09523809523809523,-2.3513752571634776,209804.36585365853,12.253930784325808,52,3.9512437185814275,70.11764705882354,4.250174503569079,
3,39,2,agecat5;2.0,0.0125,-4.382026634673881,0.24390243902439024,-1.410986973710262,117515.89910082547,11.674328914908964,80,4.382026634673881,56.74683544303797,4.038599891688418,
3,40,2,agecat5;2.0,0.05454545454545454,-2.908720896564361,0.2857142857142857,-1.252762968495368,171917.53472222222,12.054770191533624,55,4.007333185232471,59.425925925925924,4.084730594545582,
3,41,2,agecat5;2.0,0.1111111111111111,-2.1972245773362196,0.058823529411764705,-2.833213344056216,24021.493670886077,10.086704278167131,207,5.332718793265369,85.55825242718447,4.449197458890889,
3,42,2,agecat5;2.0,0.01818181818181818,-4.007333185232471,0.45454545454545453,-0.7884573603642702,15743.115017361111,9.664158406924619,55,4.007333185232471,59.44444444444444,4.085042169559787,
3,43,2,agecat5;2.0,0.07216494845360824,-2.62880082944807,0.2647058823529412,-1.329135947279942,14457.53488372093,9.578971002875454,97,4.574710978503383,79.13541666666667,4.371160520035385,
3,44,2,agecat5;2.0,0.007722007722007722,-4.863680881139593,0.3770491803278688,-0.9753796482441617,52113.68292682927,10.861182821414834,259,5.556828061699537,56.68604651162791,4.03752808717844,
3,45,2,agecat5;2.0,0.02631578947368421,-3.6375861597263857,0.16216216216216217,-1.8191584434161694,193933.59285094246,12.175271074553724,76,4.330733340286331,62.733333333333334,4.13889293848317,
3,46,2,agecat5;2.0,0.03,-3.506557897319982,0.21739130434782608,-1.5260563034950494,23989.195652173912,10.085358826808703,100,4.605170185988092,66.65656565656566,4.199553551248831,
3,47,2,agecat5;2.0,0.015151515151515152,-4.189654742026425,0.14285714285714285,-1.9459101490553135,182922.06390625,12.116815460817074,66,4.189654742026425,66.4,4.1956970564823886,
4,0,3,agecat6;4.0,0.004761904761904762,-5.3471075307174685,0.1927710843373494,-1.6462518855568167,80392.49714781746,11.294676131755567,210,5.3471075307174685,61.47846889952153,4.118687014318669,
4,1,3,agecat6;4.0,0.043478260869565216,-3.1354942159291497,0.1111111111111111,-2.1972245773362196,164267.23333333334,12.009249852202712,46,3.828641396489095,76.37777777777778,4.335691787079514,
4,2,3,agecat6;4.0,0.010416666666666666,-4.564348191467836,0.3181818181818182,-1.1451323043030026,91859.08675498444,11.428011016125428,384,5.950642552587727,58.532637075718014,4.0695844974003945,
4,3,3,agecat6;4.0,0.014204545454545454,-4.254193263163997,0.1037037037037037,-2.2662174488231708,95186.53993775934,11.463593823574932,352,5.863631175598097,72.4985754985755,4.283566913372089,
4,4,3,agecat6;4.0,0.050980392156862744,-2.9763141876968895,0.19540229885057472,-1.6326947745983675,29605.809837928184,10.29572589936047,255,5.541263545158426,76.48818897637796,4.337136336447099,
4,5,3,agecat6;4.0,0.049689440993788817,-3.001962823304627,0.1504424778761062,-1.8941744746561244,29845.48,10.303788683569415,322,5.7745515455444085,81.2367601246106,4.3973678556191915,
4,6,3,agecat6;4.0,0.08823529411764706,-2.4277482359480516,0.0625,-2.772588722239781,14960.94,9.61319808377908,204,5.318119993844216,87.82758620689656,4.475375644992983,
4,7,3,agecat6;4.0,0.003236245954692557,-5.733341276897745,0.336283185840708,-1.0898016589859547,37915.725605867345,10.54312122865117,309,5.733341276897746,58.574675324675326,4.070302441479228,
4,8,3,agecat6;4.0,0.031914893617021274,-3.4446824936018943,0.2,-1.6094379124341003,46357.88888888889,10.744146759076212,188,5.236441962829949,76.475935828877,4.336976127018349,
4,9,3,agecat6;4.0,0.13157894736842105,-2.0281482472922856,0.13333333333333333,-2.0149030205422647,130543.61111111111,11.779462634677069,38,3.6375861597263857,87.75675675675676,4.474568859458621,
4,10,3,agecat6;4.0,0.034013605442176874,-3.380994674344636,0.09243697478991597,-2.381228220313159,101387.42045454546,11.526704303809638,294,5.683579767338681,76.46757679180887,4.336866818203176,
4,11,3,agecat6;4.0,0.018867924528301886,-3.970291913552122,0.21,-1.5606477482646683,63465.11922200521,11.058245730367826,318,5.762051382780177,72.52681388012618,4.283956340106656,
4,12,3,agecat6;4.0,0.0018181818181818182,-6.309918278226516,0.23043478260869565,-1.4677873953710736,107225.66846113445,11.58269094355669,550,6.309918278226516,58.510018214936245,4.069197991113312,
4,13,3,agecat6;4.0,0.06923076923076923,-2.670309873119363,0.047619047619047616,-3.044522437723423,96287.6347826087,11.47509518645366,260,5.560681631015528,87.89189189189189,4.476107558023477,
4,14,3,agecat6;4.0,0.00964630225080386,-4.641180623511124,0.2076923076923077,-1.5716975844512533,157452.71140402614,11.966880447111452,311,5.739792912179234,61.52258064516129,4.119404272385885,
4,15,3,agecat6;4.0,0.025,-3.6888794541139363,0.3176470588235294,-1.1468143904859875,51138.639036016946,10.842295635976724,240,5.480638923341991,68.3723849372385,4.224969014120274,
4,16,3,agecat6;4.0,0.012448132780082987,-4.386184644822546,0.2815533980582524,-1.2674331582431617,37348.1935483871,10.528039823886283,241,5.484796933490655,64.375,4.1647253589839,
4,17,3,agecat6;4.0,0.027777777777777776,-3.58351893845611,0.3333333333333333,-1.0986122886681098,20869.878048780487,9.946062156679975,108,4.68213122712422,72.4392523364486,4.2827483118196055,
4,18,3,agecat6;4.0,0.010256410256410256,-4.579852378003801,0.32608695652173914,-1.120591195386885,58776.837740916126,10.981503140310627,195,5.272999558563747,61.44845360824742,4.118198670654674,
4,19,3,agecat6;4.0,0.01282051282051282,-4.356708826689592,0.25882352941176473,-1.3516088031320006,35110.78256302521,10.466263557806856,234,5.455321115357702,72.53218884120172,4.284030447345464,
4,20,3,agecat6;4.0,0.05,-2.995732273553991,0.06896551724137931,-2.6741486494265287,101392.44444444444,11.52675385498083,80,4.382026634673881,81.25316455696202,4.397569768844757,
4,21,3,agecat6;4.0,0.012048192771084338,-4.418840607796598,0.2191780821917808,-1.51787071890861,150689.0493861607,11.922973716985378,332,5.805134968916488,68.58006042296073,4.228001828092431,
4,22,3,agecat6;4.0,0.016778523489932886,-4.087655574071304,0.1694915254237288,-1.7749523509116738,46740.07083333333,10.752357123567382,298,5.697093486505405,72.47474747474747,4.283238190493232,
4,23,3,agecat6;4.0,0.02127659574468085,-3.8501476017100584,0.125,-2.0794415416798357,21742.425742574258,9.987020734145878,235,5.459585514144159,81.18376068376068,4.396715235587347,
4,24,3,agecat6;4.0,0.018518518518518517,-3.9889840465642745,0.4090909090909091,-0.8938178760220964,45231.53125,10.719549716641257,108,4.68213122712422,58.4392523364486,4.067987793105392,
4,25,3,agecat6;4.0,0.019830028328611898,-3.9205579078779835,0.13157894736842105,-2.0281482472922856,45014.83510921139,10.714747383517128,353,5.8664680569332965,81.24431818181819,4.397460888694695,
4,26,3,agecat6;4.0,0.022792022792022793,-3.7813446817860297,0.09154929577464789,-2.390877700139724,80131.40495763371,11.291423128096925,351,5.860786223465865,81.38571428571429,4.399199757431036,
4,27,3,agecat6;4.0,0.00980392156862745,-4.624972813284271,0.14782608695652175,-1.911718784307034,76511.51727203824,11.245196561058389,306,5.723585101952381,68.54754098360655,4.227527533499217,
4,28,3,agecat6;4.0,0.02032520325203252,-3.8958936234982624,0.3148148148148148,-1.1557707025080584,38904.63579601378,10.568868694640134,246,5.5053315359323625,68.36326530612244,4.224835623433743,
4,29,3,agecat6;4.0,0.01639344262295082,-4.110873864173311,0.22764227642276422,-1.4799798451972137,60100.29567592959,11.003770040243802,305,5.720311776607412,64.34868421052632,4.164316486444217,
4,30,3,agecat6;4.0,0.03237410071942446,-3.4303965363544178,0.13592233009708737,-1.9956716586143772,70718.14219674557,11.166457427124069,278,5.627621113690637,76.46931407942239,4.336889537216276,
4,31,3,agecat6;4.0,0.03,-3.506557897319982,0.3684210526315789,-0.9985288301111273,22256.560975609755,10.010392119435512,100,4.605170185988092,64.31313131313131,4.163763829882435,
4,32,3,agecat6;4.0,0.01293103448275862,-4.3481250829982,0.12077294685990338,-2.1138429683971682,119321.43396326013,11.689576256351142,464,6.139884552226255,64.50539956803456,4.16674893453098,
4,33,3,agecat6;4.0,0.0029239766081871343,-5.834810737062605,0.21830985915492956,-1.5218398531161146,89075.13340781827,11.397235488175056,342,5.834810737062605,64.35483870967742,4.164412124838818,
4,34,3,agecat6;4.0,0.07352941176470588,-2.6100697927420065,0.04938271604938271,-3.0081547935525483,34107.186046511626,10.43726337557202,340,5.8289456176102075,87.8023598820059,4.47508837820704,
4,35,3,agecat6;4.0,0.07954545454545454,-2.531426665422893,0.125,-2.0794415416798357,24001.545454545456,10.085873501196277,88,4.477336814478207,88.1264367816092,4.478772564904311,
4,36,3,agecat6;4.0,0.02727272727272727,-3.6018680771243066,0.34285714285714286,-1.0704414117014134,24175.23404255319,10.093084001455736,110,4.700480365792417,76.43119266055047,4.336390893745766,
4,37,3,agecat6;4.0,0.007575757575757576,-4.882801922586371,0.30612244897959184,-1.1837700970084166,38352.153846153844,10.554565968090657,132,4.882801922586371,61.541984732824424,4.119719620475959,
4,38,3,agecat6;4.0,0.019230769230769232,-3.951243718581427,0.09523809523809523,-2.3513752571634776,192732.9,12.169060571536775,52,3.9512437185814275,72.11764705882354,4.278298772439941,
4,39,3,agecat6;4.0,0.0125,-4.382026634673881,0.21052631578947367,-1.55814461804655,120959.58823529411,11.703211787268133,80,4.382026634673881,58.74683544303797,4.073237286774154,
4,40,3,agecat6;4.0,0.01818181818181818,-4.007333185232471,0.23076923076923078,-1.466337068793427,193200.58333333334,12.171484220079668,55,4.007333185232471,61.425925925925924,4.117831992382778,
4,41,3,agecat6;4.0,0.10144927536231885,-2.2881963555419462,0.04878048780487805,-3.0204248861443626,29209.541666666668,10.282250704285271,207,5.332718793265369,87.55825242718447,4.472304313880618,
4,42,3,agecat6;4.0,0.05454545454545454,-2.908720896564361,0.45,-0.7985076962177716,28551.103966346152,10.259450882159557,55,4.007333185232471,61.44444444444444,4.118133424186116,
4,43,3,agecat6;4.0,0.05154639175257732,-2.9652730660692823,0.25,-1.3862943611198906,16262.75,9.696632495492763,97,4.574710978503383,81.13541666666667,4.396119569452113,
4,44,3,agecat6;4.0,0.011583011583011582,-4.458215773031428,0.3673469387755102,-1.001448540214462,40370.495614035084,10.605854490562193,259,5.556828061699537,58.68604651162791,4.0722019900867545,
4,45,3,agecat6;4.0,0.013157894736842105,-4.330733340286331,0.125,-2.0794415416798357,202580.28819444444,12.218891571860196,76,4.330733340286331,64.73333333333333,4.170276267189115,
4,46,3,agecat6;4.0,0.01,-4.605170185988091,0.2777777777777778,-1.2809338454620642,13237.809523809523,9.490832371982627,100,4.605170185988092,68.65656565656566,4.229116767212048,
4,47,3,agecat6;4.0,0.015151515151515152,-4.189654742026425,0.16666666666666666,-1.791759469228055,298964.21527777775,12.608079163865215,66,4.189654742026425,68.4,4.225372824628505,
5,0,4,agecat7;4.0,0.014285714285714285,-4.248495242049359,0.17647058823529413,-1.7346010553881064,93431.20528455285,11.444980672105727,210,5.3471075307174685,63.47846889952153,4.150700775952106,
5,1,4,agecat7;4.0,0.021739130434782608,-3.828641396489095,0.10526315789473684,-2.2512917986064953,132801.5419921875,11.796611127344013,46,3.828641396489095,78.37777777777778,4.361540440465732,
5,2,4,agecat7;4.0,0.0026041666666666665,-5.950642552587727,0.2857142857142857,-1.252762968495368,69512.37441233407,11.149260064802355,384,5.950642552587727,60.532637075718014,4.103182675379817,
5,3,4,agecat7;4.0,0.017045454545454544,-4.071871706370042,0.08695652173913043,-2.4423470353692043,97705.1589958159,11.489709641097525,352,5.863631175598097,74.4985754985755,4.310780004378219,
5,4,4,agecat7;4.0,0.03529411764705882,-3.3440389678222067,0.16883116883116883,-1.7788560643921472,28634.260869565216,10.262359212361599,255,5.541263545158426,78.48818897637796,4.3629481545686435,
5,5,4,agecat7;4.0,0.059006211180124224,-2.830112566377968,0.14130434782608695,-1.9568392195875037,35287.86885245902,10.471294525286684,322,5.7745515455444085,83.2367601246106,4.421689078670528,
5,6,4,agecat7;4.0,0.0784313725490196,-2.5455312716044354,0.08333333333333333,-2.4849066497880004,22776.81081081081,10.0334982276749,204,5.318119993844216,89.82758620689656,4.497892124200994,
5,7,4,agecat7;4.0,0.016181229773462782,-4.123903364463645,0.29464285714285715,-1.2219913098286144,41534.99282094595,10.634291551429675,309,5.733341276897746,60.574675324675326,4.103876906798424,
5,8,4,agecat7;4.0,0.015957446808510637,-4.137829674161839,0.16393442622950818,-1.8082887711792657,27275.683544303796,10.21375087158995,188,5.236441962829949,78.475935828877,4.36279202784171,
5,9,4,agecat7;4.0,0.18421052631578946,-1.6916760106710724,0.2,-1.6094379124341003,132130.72727272726,11.791547069614165,38,3.6375861597263857,89.75675675675676,4.497103308732522,
5,10,4,agecat7;4.0,0.04421768707482993,-3.1186304098771447,0.09482758620689655,-2.3556949183079943,79815.4622456115,11.287472527144711,294,5.683579767338681,78.46757679180887,4.362685504966869,
5,11,4,agecat7;4.0,0.0031446540880503146,-5.762051382780177,0.19444444444444445,-1.6376087894007967,55896.15980635862,10.931250959222737,318,5.762051382780177,74.52681388012618,4.311158978484663,
5,12,4,agecat7;4.0,0.00909090909090909,-4.700480365792417,0.20416666666666666,-1.5888186252313647,132580.96685204803,11.794948808362305,550,6.309918278226516,60.510018214936245,4.102808941657755,
5,13,4,agecat7;4.0,0.08846153846153847,-2.425187415086378,0.028985507246376812,-3.5409593240373143,84998.36781609195,11.350387333124466,260,5.560681631015528,89.89189189189189,4.4986077471086485,
5,14,4,agecat7;4.0,0.003215434083601286,-5.739792912179234,0.17647058823529413,-1.7346010553881064,123983.13734863281,11.727900846215885,311,5.739792912179234,63.52258064516129,4.151395443398899,
5,15,4,agecat7;4.0,0.025,-3.6888794541139363,0.2857142857142857,-1.252762968495368,56967.17592592593,10.95023051999642,240,5.480638923341991,70.3723849372385,4.253800926795922,
5,16,4,agecat7;4.0,0.02074688796680498,-3.8753590210565547,0.28,-1.2729656758128873,48404.87401574803,10.787355790439248,241,5.484796933490655,66.375,4.195320479562103,
5,17,4,agecat7;4.0,0.027777777777777776,-3.58351893845611,0.3157894736842105,-1.1526795099383855,24107.975,10.090297977602232,108,4.68213122712422,74.4392523364486,4.309983387882243,
5,18,4,agecat7;4.0,0.010256410256410256,-4.579852378003801,0.30612244897959184,-1.1837700970084166,63175.3436814693,11.053669372391488,195,5.272999558563747,63.44845360824742,4.1502278220469675,
5,19,4,agecat7;4.0,0.021367521367521368,-3.845883202923601,0.2375,-1.4375876555074412,35972.607476635516,10.490513024377512,234,5.455321115357702,74.53218884120172,4.31123109705489,
5,20,4,agecat7;4.0,0.025,-3.6888794541139363,0.06896551724137931,-2.6741486494265287,112863.12121212122,11.633931046750515,80,4.382026634673881,83.25316455696202,4.42188614083433,
5,21,4,agecat7;4.0,0.012048192771084338,-4.418840607796598,0.17197452229299362,-1.760408939343979,122987.40066964286,11.719837195527738,332,5.805134968916488,70.58006042296073,4.256747674338579,
5,22,4,agecat7;4.0,0.016778523489932886,-4.087655574071304,0.16393442622950818,-1.8082887711792657,37892.22818791946,10.542501309037872,298,5.697093486505405,74.47474747474747,4.310460107855061,
5,23,4,agecat7;4.0,0.059574468085106386,-2.8205281845289,0.17307692307692307,-1.754019141245208,23075.0875,10.046508851346529,235,5.459585514144159,83.18376068376068,4.421052144686855,
5,24,4,agecat7;4.0,0.027777777777777776,-3.58351893845611,0.45454545454545453,-0.7884573603642702,40496.61363636364,10.608973635681846,108,4.68213122712422,60.4392523364486,4.101638766984687,
5,25,4,agecat7;4.0,0.036827195467422094,-3.3015186994717602,0.09821428571428571,-2.320603598496724,45052.21387283237,10.715577404400223,353,5.8664680569332965,83.24431818181819,4.4217798764631615,
5,26,4,agecat7;4.0,0.03418803418803419,-3.3758795736778655,0.09420289855072464,-2.362304327695668,77095.72972972973,11.252803171892127,351,5.860786223465865,83.38571428571429,4.423477003154432,
5,27,4,agecat7;4.0,0.0032679738562091504,-5.723585101952381,0.1391304347826087,-1.9723434061234688,73770.56349206349,11.20871506234807,306,5.723585101952381,70.54754098360655,4.2562868227460395,
5,28,4,agecat7;4.0,0.016260162601626018,-4.119037174812472,0.24509803921568626,-1.4060969884160703,52527.52850506757,10.86909266363247,246,5.5053315359323625,70.36326530612244,4.2536713273502516,
5,29,4,agecat7;4.0,0.006557377049180328,-5.0271645960474665,0.2204724409448819,-1.5119825762833874,51667.86990704114,10.852591395485478,305,5.720311776607412,66.34868421052632,4.1949239295420355,
5,30,4,agecat7;4.0,0.039568345323741004,-3.2297258408922667,0.11458333333333333,-2.166452918669466,67537.40364583333,11.120436851474766,278,5.627621113690637,78.46931407942239,4.362707644918845,
5,31,4,agecat7;4.0,0.01,-4.605170185988091,0.3225806451612903,-1.1314021114911006,36415.114285714284,10.502739195071209,100,4.605170185988092,66.31313131313131,4.194387936602307,
5,32,4,agecat7;4.0,0.004310344827586207,-5.44673737166631,0.0761904761904762,-2.5745188084776873,136333.5992264093,11.822860096670889,464,6.139884552226255,66.50539956803456,4.197283140877348,
5,33,4,agecat7;4.0,0.005847953216374269,-5.14166355650266,0.16778523489932887,-1.7850704810772584,105552.99830334596,11.566968459347155,342,5.834810737062605,66.35483870967742,4.195016685167811,
5,34,4,agecat7;4.0,0.07941176470588235,-2.533108751605878,0.014285714285714285,-4.248495242049359,30923.07,10.339257786259,340,5.8289456176102075,89.8023598820059,4.497611254272502,
5,35,4,agecat7;4.0,0.03409090909090909,-3.378724525810097,0.10526315789473684,-2.2512917986064953,16297.166666666666,9.698746547554808,88,4.477336814478207,90.1264367816092,4.501213537576338,
5,36,4,agecat7;4.0,0.045454545454545456,-3.0910424533583156,0.36666666666666664,-1.0033021088637848,19941.45945945946,9.90055623338801,110,4.700480365792417,78.43119266055047,4.36222171379709,
5,37,4,agecat7;4.0,0.015151515151515152,-4.189654742026425,0.30612244897959184,-1.1837700970084166,52558.42592592593,10.869680704573165,132,4.882801922586371,63.541984732824424,4.151700864312374,
5,38,4,agecat7;4.0,0.019230769230769232,-3.951243718581427,0.08695652173913043,-2.4423470353692043,182244.48780487804,12.113104404172784,52,3.9512437185814275,74.11764705882354,4.305653655889308,
5,39,4,agecat7;4.0,0.0125,-4.382026634673881,0.16279069767441862,-1.8152899666382492,159050.4924101653,11.976976993118209,80,4.382026634673881,60.74683544303797,4.106714989391224,
5,40,4,agecat7;4.0,0.05454545454545454,-2.908720896564361,0.14285714285714285,-1.9459101490553135,241091.39196428572,12.39293136035597,55,4.007333185232471,63.425925925925924,4.149872704132052,
5,41,4,agecat7;4.0,0.03864734299516908,-3.253277251585533,0.06666666666666667,-2.70805020110221,34227.525,10.44078542391448,207,5.332718793265369,89.55825242718447,4.494889278668184,
5,42,4,agecat7;4.0,0.01818181818181818,-4.007333185232471,0.4444444444444444,-0.8109302162163288,35460.8,10.476183140005409,55,4.007333185232471,63.44444444444444,4.1501646323197905,
5,43,4,agecat7;4.0,0.061855670103092786,-2.782951509275328,0.23076923076923078,-1.466337068793427,19634.5625,9.885046685123942,97,4.574710978503383,83.13541666666667,4.420470804408173,
5,44,4,agecat7;4.0,0.011583011583011582,-4.458215773031428,0.30097087378640774,-1.2007417837444896,44790.11534381735,10.709742754411634,259,5.556828061699537,60.68604651162791,4.105713795389906,
5,45,4,agecat7;4.0,0.013157894736842105,-4.330733340286331,0.125,-2.0794415416798357,216068.24074074073,12.283349566126413,76,4.330733340286331,66.73333333333333,4.200704578213011,
5,46,4,agecat7;4.0,0.03,-3.506557897319982,0.11428571428571428,-2.169053700369523,20788.60975609756,9.94216050781753,100,4.605170185988092,70.65656565656566,4.257831036964991,
5,47,4,agecat7;4.0,0.015151515151515152,-4.189654742026425,0.12121212121212122,-2.1102132003465894,188456.49456521738,12.146622461169724,66,4.189654742026425,70.4,4.254193263163997,
